Lorem ipsum dolor sit amet, consectetur adipiscing elit.
Fusce sit amet sem et libero ultrices porta a sit amet nibh.
Sed id ex ut tortor mattis feugiat.
In posuere ex in neque ultrices ultrices.
Nunc auctor justo egestas, molestie nisl nec, tincidunt augue.
Ut aliquet ante sit amet lacus egestas dignissim.
Donec rhoncus sapien vel maximus volutpat.
Integer mollis ipsum eget feugiat pretium.
Morbi a augue ut justo ultrices faucibus.
Pellentesque sed turpis fermentum, dapibus lacus ut, sollicitudin quam.
Nam cursus enim in mi varius mattis.
Nullam vitae nulla consequat, pulvinar lorem vel, sollicitudin felis.
Nam nec nulla quis est ullamcorper dapibus.
Fusce a tellus vitae tortor interdum porta nec eget quam.
Sed at urna non orci mollis convallis.
Vivamus nec nisl vel ante ultricies vestibulum quis eget est.
Integer in justo id neque porta cursus et sit amet mi.
Donec luctus ex id magna iaculis, vitae accumsan diam volutpat.
Nullam vitae nisl a diam accumsan auctor.
Etiam id nisi pretium mi blandit blandit sit amet ac nulla.
Nulla cursus sapien ut mi interdum feugiat.
Phasellus consequat odio sed rutrum faucibus.
Sed placerat risus gravida neque luctus, in pharetra nibh placerat.
Fusce vulputate ligula et pulvinar congue.
Curabitur porta enim eu nibh varius faucibus.
Proin ac lorem id nibh gravida dapibus.
Nullam non ligula quis nibh sagittis mollis id sit amet risus.
Nulla id libero condimentum, dapibus sem imperdiet, suscipit tellus.
Praesent vel tortor consequat, facilisis purus a, aliquet tellus.
Etiam pellentesque felis sed urna mollis, a elementum velit gravida.
Curabitur finibus nulla et ultricies dictum.
In at nisl in erat pretium bibendum.
Nunc egestas urna vitae leo placerat, a maximus arcu gravida.
Etiam sed velit a massa molestie finibus nec at magna.
Donec nec urna bibendum, mollis neque et, vulputate neque.
Fusce id urna sit amet tellus molestie ullamcorper at at ex.
Nam eget risus feugiat, lacinia ligula nec, gravida augue.
Cras vel neque faucibus, iaculis purus at, elementum lorem.
Aliquam a justo ac lorem laoreet ornare quis eget leo.
Praesent sit amet ante id risus pellentesque vulputate.
Aliquam semper mi eget lorem convallis, nec aliquam ligula volutpat.
Donec lacinia nibh sed ornare malesuada.
Curabitur suscipit diam vulputate dapibus laoreet.
Sed vel odio id metus laoreet laoreet vel in metus.
Aenean porta est finibus dapibus condimentum.
Nunc feugiat ante quis pretium blandit.
In ac nisi volutpat, porttitor dolor a, porta eros.
Donec in lacus non risus vestibulum tristique id in velit.
Maecenas ut enim eget massa efficitur venenatis.
Praesent eget sem vestibulum lacus imperdiet mattis eget id ligula.
Donec dignissim eros at diam malesuada aliquam.
Suspendisse at mi sit amet odio sagittis varius in eu nisi.
Proin fringilla velit sed ante commodo sagittis.
Maecenas aliquet ante nec risus aliquet suscipit.
Sed sed tortor a ex tincidunt sodales.
Praesent sodales eros vel justo euismod maximus.
Sed egestas massa sed blandit tincidunt.
Phasellus quis sem nec risus rutrum ornare.
In sit amet dolor aliquam, consequat erat in, rhoncus tellus.
Etiam sit amet quam eget lacus efficitur ultrices.
Duis ullamcorper erat ac enim tristique laoreet.
Morbi et leo quis erat aliquet feugiat vel quis justo.
Duis non eros congue, hendrerit massa nec, varius turpis.
Curabitur ullamcorper nulla scelerisque sapien maximus porta.
Aliquam dignissim magna in elit lacinia pellentesque.
Mauris ac augue finibus, ultricies velit eu, euismod risus.
Nulla sit amet libero ultrices, bibendum diam eu, placerat nulla.
Suspendisse cursus risus in vehicula mollis.
Duis eu est sed ligula rutrum fringilla id in nunc.
Proin aliquam tellus at sagittis faucibus.
Nunc sit amet orci id nisl pretium sagittis.
Donec et sapien a magna malesuada convallis eu sed orci.
Proin bibendum urna ac enim tristique volutpat.
Morbi suscipit sem vitae lacus pellentesque, eget consequat turpis aliquet.
Quisque et neque ultricies, varius sem a, tincidunt tortor.
Aliquam euismod lacus sed luctus vulputate.
In rutrum quam quis orci interdum, at fermentum nunc pulvinar.
Fusce quis augue ac elit blandit consequat.
Etiam interdum est et libero sagittis tincidunt.
Morbi a ante et felis pulvinar ullamcorper.
Sed sit amet dolor ac tortor placerat placerat at nec lectus.
Vestibulum accumsan risus et pellentesque pharetra.
Vivamus ornare odio id magna vehicula tincidunt.
Nunc at tortor ut sapien ullamcorper lacinia at vel est.
Curabitur maximus tellus ut ligula euismod consectetur.
Aliquam ac risus pharetra, rhoncus ligula et, mattis orci.
Nulla semper odio eget turpis egestas ultrices.
Vivamus porta felis quis mauris dapibus, sed lacinia quam hendrerit.
Donec varius nisi vitae nunc vehicula pulvinar.
Cras sagittis neque a leo congue, ac interdum purus vehicula.
Nulla tincidunt diam in fringilla scelerisque.
Vivamus gravida velit at arcu aliquet tempor.
Mauris accumsan sapien eget augue blandit, a fringilla urna egestas.
Maecenas venenatis tellus nec metus auctor, lobortis imperdiet ligula hendrerit.
Nullam venenatis dolor at sapien venenatis, vel gravida risus lobortis.
Aenean condimentum lorem vel ex congue, quis hendrerit libero dapibus.
Duis laoreet magna vitae purus ultricies, sed tincidunt sem rutrum.
Sed pretium lorem ut quam efficitur, at faucibus velit viverra.
Vestibulum fringilla nisl sed sollicitudin molestie.
Donec ornare arcu nec purus dignissim auctor.
Vivamus tincidunt justo et neque commodo dignissim.
Nam scelerisque sem ut fringilla interdum.
Morbi dictum ipsum a nunc sodales, ut mollis dui efficitur.
Aliquam sit amet nisi ut est tristique rutrum eu at erat.
Vestibulum vehicula mi sed iaculis placerat.
Integer finibus dui sed maximus sodales.
Cras malesuada est porttitor consequat imperdiet.
Integer et lacus a lorem aliquet pellentesque.
Aliquam efficitur enim vitae ante pulvinar scelerisque.
Aliquam lacinia dolor et neque commodo, sit amet blandit metus mattis.
Maecenas et est sit amet ligula scelerisque ultricies.
Praesent lacinia tellus sed sem sodales maximus.
Sed eget ante quis metus commodo vehicula.
Phasellus tempus magna quis erat tempus auctor.
Etiam tincidunt leo at neque imperdiet, in venenatis magna suscipit.
Mauris efficitur ante eget felis tristique, vitae fringilla magna auctor.
Pellentesque rhoncus dolor ut odio finibus venenatis.
Aliquam tincidunt risus tristique quam gravida aliquet.
Vivamus eget ligula ut mauris suscipit dapibus.
Pellentesque consectetur leo nec leo dapibus placerat.
Fusce vitae orci tincidunt, condimentum lacus nec, dictum ligula.
Sed sit amet ante euismod, venenatis sem ac, convallis magna.
Nullam laoreet sem sed condimentum varius.
Morbi malesuada dolor vitae metus luctus molestie.
Aliquam quis leo a purus sollicitudin sollicitudin.
Donec accumsan neque sed mi commodo maximus.
Maecenas auctor enim nec convallis dignissim.
Vivamus auctor arcu dignissim mi venenatis sollicitudin.
Cras at tellus pellentesque, tristique tortor at, lacinia dolor.
Fusce ac est et metus mattis placerat vitae consequat tellus.
Vivamus sit amet metus at odio dapibus feugiat eget non velit.
Morbi rutrum turpis a nulla elementum tristique.
Cras luctus tortor at posuere mollis.
Duis id justo at ex porta mollis.
Nulla nec risus vitae diam fermentum porta.
Nam id turpis eget turpis maximus euismod.
Praesent vitae erat hendrerit, eleifend libero a, condimentum ante.
Maecenas posuere nulla vitae augue varius posuere.
Aliquam eget massa quis ipsum interdum aliquet.
Integer consequat orci nec libero semper, in eleifend dui tempor.
Nam pretium urna quis felis commodo, vitae gravida ligula placerat.
Vivamus accumsan tellus et vestibulum pharetra.
Praesent porttitor nisi id egestas aliquam.
Phasellus porttitor ligula ut justo lacinia, non vestibulum dolor hendrerit.
Fusce vitae nisl sed eros finibus placerat.
Ut dictum metus a blandit ornare.
Morbi commodo risus eget ligula faucibus dignissim.
Cras accumsan lorem vel enim sagittis tempus.
Sed at arcu id tortor congue tempor nec accumsan augue.
Nam porta erat nec lorem varius efficitur.
Integer gravida risus vel velit blandit elementum.
Integer vitae orci eu turpis mollis egestas vitae nec sem.
Maecenas vel ante quis ex volutpat pretium.
Donec aliquet orci ac ligula laoreet, eu mattis sem fringilla.
Ut malesuada justo sit amet tortor volutpat, eu consectetur erat aliquet.
Vivamus bibendum arcu in luctus tempor.
Mauris malesuada est commodo varius molestie.
Integer fringilla nisl a arcu euismod volutpat.
Aliquam eu magna sit amet ex convallis ullamcorper non quis orci.
Curabitur consectetur dolor nec hendrerit gravida.
Nam commodo ante a tellus tincidunt, eget elementum arcu consectetur.
Ut imperdiet risus et diam vestibulum malesuada.
Maecenas elementum magna ultrices, congue dui non, condimentum risus.
Morbi ut turpis vehicula, iaculis ante ut, commodo erat.
Integer ut dolor non lectus dignissim scelerisque id vel tellus.
Vestibulum posuere felis in ante venenatis fringilla eget id erat.
Nunc ac sem luctus, egestas sapien mollis, efficitur nisi.
Quisque in quam nec nulla viverra eleifend.
Sed eget sem vitae est dictum facilisis eget facilisis purus.
Nulla euismod turpis vitae erat egestas tempus.
Nullam fermentum lectus quis nunc vehicula porta.
Sed porttitor lectus cursus lectus aliquet, scelerisque ultrices metus lobortis.
Nullam congue justo ac neque sodales consequat.
Vestibulum feugiat mi in lobortis varius.
Proin mollis purus vitae nisl cursus facilisis.
Proin volutpat metus sit amet justo pulvinar malesuada.
In nec diam quis urna dignissim porttitor et vel diam.
Morbi at enim ut magna consectetur posuere quis sed ante.
Duis ut velit lobortis, gravida massa nec, tincidunt lorem.
Vestibulum sit amet tellus consectetur, pretium arcu ut, mollis tortor.
Integer faucibus urna sed diam finibus feugiat eget a lectus.
Mauris sit amet ipsum vitae orci accumsan scelerisque quis sit amet eros.
Sed pellentesque justo in erat cursus bibendum.
Sed a neque pretium lacus sodales congue ac eu massa.
Cras eget tortor ut eros consequat aliquam sed nec enim.
Etiam et tortor tempus, semper metus vitae, varius velit.
Aenean ultricies felis quis ultrices euismod.
Mauris faucibus turpis sed lacus vehicula, at aliquam nunc faucibus.
Curabitur cursus dui at leo consectetur sodales.
In eleifend turpis et est posuere gravida.
Sed vel purus sit amet arcu sodales elementum.
Mauris et est pretium, bibendum quam vitae, sodales erat.
Sed vel est eget metus accumsan convallis.
Duis vestibulum massa nec purus pretium, vel interdum mi bibendum.
Praesent et orci placerat, dictum ipsum sit amet, vehicula neque.
Mauris pretium nunc a libero venenatis finibus.
Nullam tincidunt odio vulputate accumsan volutpat.
Nunc feugiat nisi vel velit ultricies, id scelerisque lectus rutrum.
Vivamus bibendum ex faucibus, consectetur purus sed, pellentesque elit.
Mauris ut risus sit amet eros malesuada mollis.
In et magna non nisi tristique facilisis.
Proin ac metus sit amet lacus vulputate feugiat ac a ipsum.
Nulla a odio blandit, accumsan elit ut, fringilla purus.
Vivamus ut arcu at sem malesuada volutpat.
Mauris iaculis neque eget tellus consequat viverra.
Sed a elit laoreet felis sodales euismod non at ante.
Nunc fermentum risus ut est commodo vestibulum.
Pellentesque in ex id urna pharetra volutpat.
Etiam faucibus dolor non lacus finibus consequat.
Donec sed lorem quis leo blandit molestie.
Sed sollicitudin leo non eros fringilla, sed feugiat magna pellentesque.
Duis sagittis ligula ac velit mattis efficitur a ac nulla.
Maecenas ac nibh vehicula, pellentesque leo eu, gravida orci.
Mauris et diam vestibulum nulla fringilla ultricies.
Curabitur vitae purus eu est ullamcorper elementum nec eget ante.
Phasellus feugiat nibh vel massa laoreet, viverra consectetur neque gravida.
Vestibulum in elit sit amet sapien maximus consequat.
Proin facilisis ligula eu eleifend lacinia.
Nunc faucibus lorem accumsan eros ultrices, ac interdum massa ullamcorper.
Nullam finibus nisi eget eleifend facilisis.
Phasellus tempus ante non purus condimentum posuere.
Duis a felis eu magna faucibus aliquet ut quis elit.
Pellentesque et elit nec sem ultrices condimentum sit amet a ex.
Sed ornare metus mollis purus dignissim accumsan.
Etiam sed justo sollicitudin, facilisis felis et, sodales ex.
Duis eu dolor gravida, egestas risus ac, convallis nunc.
Maecenas sed elit tempor, vestibulum dui ut, efficitur eros.
Proin ut augue tincidunt, auctor nulla nec, convallis urna.
Vivamus interdum elit vitae tincidunt tincidunt.
Vivamus facilisis metus eu ipsum volutpat, non tincidunt odio congue.
Donec malesuada elit a aliquam molestie.
Etiam nec nunc eu turpis interdum rutrum non eu nisi.
Curabitur nec nulla non ex pharetra ullamcorper.
Sed sagittis ex nec tellus malesuada, ut rhoncus urna convallis.
Sed malesuada erat vel ex imperdiet aliquet.
Quisque nec ipsum ac diam lobortis congue eu in diam.
Sed et est ultricies sem auctor volutpat nec sed ipsum.
Curabitur sodales nunc sit amet euismod pharetra.
Donec ac leo ut urna vehicula faucibus.
In dictum odio a augue tristique, sed tempor arcu cursus.
Phasellus sit amet elit sagittis, condimentum tortor suscipit, ornare turpis.
Nam tincidunt dolor vel molestie commodo.
Pellentesque dignissim tellus at arcu laoreet cursus.
Nam tempor mi eget odio euismod viverra.
Cras sit amet ex euismod, posuere nunc nec, ullamcorper urna.
Nulla laoreet ligula eget egestas vulputate.
Donec quis erat congue augue laoreet aliquam.
Pellentesque iaculis lectus a ex iaculis elementum.
Vestibulum varius risus et bibendum rhoncus.
Mauris pellentesque enim in arcu ornare, et volutpat mauris aliquet.
Vivamus ultricies purus et sollicitudin molestie.
Aliquam blandit ex sed nisi pharetra fermentum.
Suspendisse viverra dui sit amet diam sollicitudin, in hendrerit est elementum.
Donec rutrum ipsum vel magna vulputate, ac bibendum velit venenatis.
Morbi eget velit in leo fermentum venenatis.
Quisque in augue vulputate, faucibus ligula in, egestas libero.
Nunc imperdiet ante ac mauris vehicula, in varius nisl fringilla.
Maecenas volutpat sapien ut justo malesuada porta.
Nulla interdum neque nec cursus tincidunt.
Aenean quis odio ornare, sollicitudin lacus non, commodo risus.
Sed mattis elit vel ligula blandit sodales.
Duis quis elit a ex vehicula tempus a in risus.
Praesent lacinia augue quis elit mollis interdum.
Sed sit amet eros vel libero tristique eleifend quis sit amet nisi.
Morbi convallis lorem eget mattis sagittis.
Etiam a sapien auctor, tempor urna ut, vulputate ex.
Phasellus sit amet leo non enim posuere bibendum quis vitae tellus.
Mauris eget augue euismod, consequat turpis sit amet, interdum nunc.
In vel est convallis arcu vestibulum interdum.
Nulla venenatis lectus ut turpis hendrerit gravida.
Suspendisse feugiat metus bibendum, tincidunt urna vel, aliquam sapien.
Sed semper dui et tellus venenatis gravida.
Etiam sollicitudin nisi id odio iaculis, non vehicula augue commodo.
Nunc fermentum turpis sit amet velit porttitor, in aliquam libero rhoncus.
Aenean quis mauris quis arcu semper ultricies blandit in nunc.
Nullam non nibh rhoncus, consequat lorem viverra, iaculis quam.
Nullam finibus sem quis enim pharetra, eget sodales quam mollis.
Vestibulum in ligula at eros faucibus tristique vel blandit neque.
Duis imperdiet eros et iaculis auctor.
Nulla molestie diam sed rhoncus venenatis.
Vestibulum at ex maximus, elementum turpis in, hendrerit lacus.
In vel ligula quis turpis cursus pulvinar ac sed eros.
Curabitur nec lectus ut ante dictum fringilla.
Donec tincidunt ipsum condimentum, ornare tortor rhoncus, ornare tortor.
Mauris scelerisque augue ut ligula tincidunt bibendum.
Cras gravida neque a pharetra congue.
Suspendisse nec ante sit amet neque dignissim egestas at nec ex.
Integer volutpat nibh eget nulla venenatis aliquam.
Duis finibus sapien at mauris consequat, eget sagittis justo ullamcorper.
Donec pulvinar dolor eget dui iaculis feugiat.
Mauris vel nisl at arcu ornare maximus.
Cras eleifend lorem vel augue accumsan volutpat.
Integer rutrum risus sit amet viverra lobortis.
Nullam porttitor purus in molestie ullamcorper.
Vestibulum vehicula sem at sapien rhoncus cursus.
Aenean sed lacus at neque pulvinar tristique.
Etiam cursus nisi ac venenatis tincidunt.
Fusce euismod mi bibendum mauris posuere dictum.
In vel purus suscipit, laoreet sapien vel, ullamcorper ante.
Donec condimentum dolor nec sem pulvinar, eget aliquet neque venenatis.
Ut quis velit ut nulla vulputate gravida ut id urna.
Aliquam mollis tellus vel ultrices cursus.
Nunc semper justo quis orci sagittis, nec porttitor mauris ultrices.
Etiam sit amet arcu non lacus pretium auctor a vitae sem.
Proin vel tellus eget urna facilisis dictum.
Fusce non quam eget arcu hendrerit consequat.
Quisque pharetra lacus non mauris elementum, in feugiat arcu molestie.
Donec pharetra sapien a tortor elementum, ac vestibulum neque semper.
Morbi non felis vehicula, lobortis nisi vitae, efficitur erat.
Quisque lobortis nisi eu enim commodo, vitae pellentesque purus scelerisque.
Nulla sed neque et neque lobortis consectetur vitae nec mi.
Aliquam tincidunt dolor a scelerisque condimentum.
Aliquam sodales odio sit amet sodales hendrerit.
Morbi sed justo id lacus lobortis porta vitae eu ante.
Maecenas nec leo commodo, imperdiet felis at, imperdiet ante.
Donec eget enim finibus, lacinia orci sit amet, facilisis nunc.
Cras iaculis ligula vel nibh luctus dignissim.
Integer sollicitudin erat at erat pellentesque, eget finibus turpis interdum.
Pellentesque ornare sem dapibus pharetra tempor.
Suspendisse sed lectus ac tellus placerat congue.
Donec quis dolor non est tristique auctor.
Vestibulum gravida nibh eget ullamcorper molestie.
Vivamus faucibus libero ac ligula fringilla, vel sagittis libero mattis.
Curabitur et metus quis libero accumsan pulvinar.
Donec ac justo eu enim blandit dapibus.
Donec viverra massa nec tristique tristique.
Praesent vulputate augue a venenatis egestas.
Donec tempus sem vitae tempus iaculis.
Mauris feugiat eros malesuada varius pellentesque.
Fusce eleifend massa nec neque consequat, in fermentum augue malesuada.
Cras vitae mauris euismod, scelerisque sapien ut, consectetur purus.
In sed augue non augue interdum fringilla.
Integer dapibus mauris vel tellus feugiat, ac volutpat leo tincidunt.
Ut hendrerit nisi ac sapien lacinia, nec rutrum tortor vestibulum.
Maecenas scelerisque tortor sed nunc mattis, non vestibulum felis gravida.
Morbi a turpis ac ante pretium tincidunt et et ipsum.
Cras ullamcorper diam quis consequat volutpat.
Phasellus et tortor ultrices, ultricies mi eget, volutpat nisi.
Nulla bibendum lorem a mi convallis, nec commodo leo accumsan.
Donec congue quam eget risus pretium, quis auctor enim consectetur.
Etiam posuere ligula consequat porta elementum.
Aenean vitae urna ultricies, imperdiet lacus et, semper risus.
Praesent porta nibh id nisl fringilla varius.
Praesent viverra metus a fringilla volutpat.
Etiam maximus leo ut erat interdum, et semper enim rutrum.
Quisque aliquet lorem efficitur, facilisis nisl molestie, luctus velit.
Aenean efficitur arcu eget mollis posuere.
Duis quis justo varius, rutrum neque eu, facilisis ex.
Praesent interdum sapien et lorem interdum, vitae mattis ligula interdum.
Suspendisse sollicitudin risus sit amet odio fringilla fermentum.
Donec vitae sapien eget enim commodo sollicitudin vel vitae orci.
Mauris gravida lacus tincidunt purus ultrices pulvinar.
Aliquam vitae diam tincidunt, sollicitudin felis non, condimentum ipsum.
Cras id dolor placerat, commodo neque eget, dignissim quam.
Praesent consequat nisl ut dignissim ornare.
Aliquam sit amet felis tristique, tempor eros a, sollicitudin elit.
Nam pulvinar dui rutrum nibh laoreet, luctus rhoncus purus bibendum.
Suspendisse interdum erat eget turpis luctus condimentum.
Aenean eget nisi luctus, varius urna quis, pulvinar purus.
Curabitur semper lorem at lacus tristique aliquam.
Etiam aliquam sapien sed metus tristique pellentesque vel et eros.
Suspendisse porttitor mi et porta ornare.
Ut finibus erat a leo fermentum, eget laoreet arcu pretium.
Ut ultrices metus et maximus lacinia.
Curabitur quis arcu ornare, tincidunt nisl aliquet, rutrum massa.
Integer ac urna quis diam iaculis venenatis vel eget lectus.
Ut vehicula enim in efficitur sagittis.
Sed aliquet ex vel tincidunt euismod.
Donec mattis sapien non velit mattis facilisis.
Fusce nec eros vitae augue mattis lobortis.
Cras pharetra erat sit amet ante commodo viverra.
Phasellus sed velit ultrices, porttitor turpis nec, feugiat magna.
Donec quis erat blandit, facilisis metus sit amet, congue ipsum.
Donec a felis interdum, rhoncus lectus eu, ultrices dui.
Nullam eu urna vel risus suscipit fermentum id in enim.
Mauris non metus non justo tempus vestibulum et quis urna.
Vestibulum auctor ipsum sit amet vehicula porttitor.
Mauris mollis neque ut placerat sollicitudin.
Aenean interdum nisl sed sodales egestas.
Praesent quis orci faucibus sapien cursus ultricies.
Nunc mattis metus eget odio viverra lobortis.
Vestibulum id elit accumsan, venenatis tellus non, maximus purus.
Sed maximus mi at lectus viverra porta.
Nunc quis elit blandit, gravida metus id, varius purus.
Aenean venenatis est in mollis elementum.
Curabitur porttitor lectus vitae aliquam semper.
Integer vulputate arcu eu mollis pellentesque.
Nulla iaculis felis in mi lobortis, a ullamcorper urna faucibus.
Donec iaculis ante eget arcu elementum dapibus.
Maecenas mollis lacus et rhoncus interdum.
Donec bibendum sem et porttitor consequat.
Cras nec magna id augue bibendum consectetur ac a lorem.
Fusce molestie purus in orci tincidunt semper.
Sed non urna condimentum, dictum quam non, ultrices arcu.
Mauris eget quam et diam dapibus maximus vel sed massa.
Curabitur non turpis id nulla cursus pretium vitae in nulla.
Cras id ipsum in urna dapibus convallis.
Nunc posuere nisi ac bibendum fringilla.
Suspendisse blandit purus id justo auctor, id suscipit lorem pellentesque.
Integer iaculis nisi eget ligula lobortis, quis semper velit varius.
Morbi dignissim felis ut arcu vulputate, ut elementum nibh blandit.
Pellentesque at nisl eu urna porta vehicula.
Cras eu velit sed tortor tincidunt commodo.
Nullam nec purus pharetra, mattis libero in, vehicula magna.
Quisque eget nunc sagittis, eleifend eros a, pretium eros.
Morbi elementum dolor sed nisi pulvinar placerat.
Nulla aliquet tellus a ex egestas viverra.
Nam facilisis felis ut nisi eleifend, sit amet vulputate magna ultrices.
Pellentesque et mauris aliquet, vestibulum diam nec, imperdiet velit.
Vestibulum ut dui dictum, vestibulum nunc at, tincidunt diam.
Integer non nisl ultricies, vehicula ligula vel, varius purus.
Integer at diam maximus, blandit ligula ut, suscipit ligula.
In at sem ornare, pulvinar mauris a, fermentum tellus.
Mauris porttitor velit vel congue porttitor.
Vivamus ut urna vulputate, tristique lorem sed, tempus nisl.
Nulla a odio eu mauris vehicula gravida a eget nunc.
Aliquam iaculis tortor id sem cursus, sit amet mollis felis laoreet.
Maecenas vel urna pellentesque, molestie libero vel, tempor turpis.
Mauris sagittis augue a leo scelerisque ornare.
Morbi nec sem vel tellus sollicitudin facilisis nec non ante.
Aenean nec sapien sed ante aliquet volutpat.
Morbi nec diam vel neque facilisis facilisis.
Mauris ac sapien non massa iaculis commodo.
Donec in libero sit amet ipsum tincidunt congue in id ligula.
Integer non metus eget felis finibus consectetur.
Donec fringilla turpis in malesuada gravida.
Nullam suscipit leo id lectus egestas finibus.
Morbi ac ligula ultricies, suscipit lectus sit amet, tempus justo.
Donec ultricies erat sagittis, ullamcorper risus sed, ultrices ex.
Sed bibendum libero vitae metus pharetra iaculis consequat a sem.
Vestibulum suscipit ipsum nec elit euismod maximus.
Donec quis lorem vel odio commodo auctor.
Pellentesque id neque non nulla egestas viverra.
Vivamus sed est sit amet nisl rhoncus pharetra.
Donec eget nunc id sapien luctus bibendum.
Nullam dictum nisi eget magna dapibus, semper aliquet ante iaculis.
Mauris et nibh in dui congue vehicula.
Etiam scelerisque quam sit amet urna semper commodo vel non risus.
Integer sit amet elit a est tempor fringilla eu sit amet nisl.
Fusce imperdiet libero hendrerit libero volutpat accumsan.
Pellentesque non odio a est aliquam accumsan.
Vestibulum a dui semper, sagittis enim sed, rhoncus tortor.
Maecenas nec felis ac ante gravida sollicitudin.
Morbi sit amet neque vitae felis pretium lacinia vitae facilisis magna.
Cras tempus tortor nec lorem accumsan imperdiet.
Maecenas et neque vel sem rhoncus facilisis.
Nam volutpat odio eget aliquam pulvinar.
Aenean in nulla malesuada, porttitor odio ac, consectetur quam.
Ut eu leo vel nulla euismod facilisis sit amet vel est.
Nam nec quam eleifend, imperdiet ipsum at, pellentesque est.
Vivamus nec neque mattis, ultrices massa vel, porta lorem.
Quisque vitae neque ac velit malesuada lobortis vitae in arcu.
Duis semper dolor ac dolor malesuada porttitor.
Sed vel nulla vitae est suscipit mattis.
Sed nec libero id nulla vehicula dapibus.
Donec sagittis arcu non dui varius, non mattis orci maximus.
Quisque vel dolor quis nunc tempor hendrerit.
Integer fringilla metus molestie, auctor enim et, suscipit leo.
Mauris convallis justo convallis, bibendum neque nec, vulputate nunc.
Donec blandit arcu et tortor tempor, sed luctus libero pharetra.
Praesent quis orci rhoncus, varius quam ultrices, efficitur neque.
Proin sed lectus vitae dolor placerat laoreet.
Sed pharetra eros eget congue gravida.
Cras vel lorem mollis magna vulputate pulvinar.
Cras ut massa congue, blandit elit at, vehicula leo.
Nulla at lacus vel arcu dignissim tempus vel at arcu.
Praesent sit amet dui a mi lacinia blandit.
Maecenas nec mi eleifend, tempus magna vitae, tincidunt elit.
Nunc id sem accumsan, dictum mauris in, egestas neque.
Aliquam laoreet nibh a lorem mattis congue.
Nulla sagittis nunc quis ligula efficitur ultrices.
Vivamus in arcu ut diam mollis molestie.
Nulla gravida nunc ut lorem ullamcorper luctus.
Vestibulum a diam ultricies, vehicula nunc ac, tempus nisl.
Curabitur finibus purus non nibh luctus, non tempus lorem vulputate.
Donec in augue ac purus condimentum cursus sed sit amet ligula.
Integer rutrum orci a lectus sodales, et semper sem congue.
Nam tempor mi vitae magna molestie vestibulum sit amet eget dolor.
Integer consequat elit at nisi ultrices, eu tincidunt turpis mollis.
Integer id ante id ligula ultricies tincidunt.
Suspendisse elementum massa rutrum, vulputate ante ac, suscipit diam.
Phasellus nec enim vel urna faucibus viverra.
Suspendisse et neque nec arcu venenatis luctus ac tempus magna.
In malesuada velit in elit dignissim, at hendrerit urna dignissim.
Etiam eu velit feugiat, dictum tortor quis, cursus lacus.
Pellentesque eu risus vitae nunc tincidunt pellentesque.
Integer eleifend tellus eu odio porttitor imperdiet.
Ut ut urna tincidunt, suscipit sem in, suscipit est.
Praesent non diam auctor, interdum nisl sit amet, tristique felis.
Quisque at felis ac urna ultrices facilisis id sed urna.
Pellentesque lobortis odio vel ligula dapibus vehicula.
Mauris vitae nibh sollicitudin, gravida turpis non, accumsan odio.
Ut molestie risus vitae euismod commodo.
Vivamus vitae dui pretium, porttitor dolor eget, posuere nunc.
In porttitor orci in purus semper, ac vehicula orci elementum.
Aenean a velit id dui mattis fringilla.
Sed eget velit commodo, molestie neque at, feugiat neque.
Etiam imperdiet tellus eget nulla ultricies volutpat.
Vestibulum nec purus fringilla, maximus nulla quis, viverra dolor.
Fusce malesuada velit eget enim sodales accumsan.
Ut non metus id velit eleifend tempus.
Donec lobortis eros a ex iaculis, in consectetur tellus mattis.
Sed eu nulla ultrices, sodales augue non, eleifend erat.
Morbi sollicitudin lectus in dui rutrum, ut finibus tellus varius.
Nullam blandit dolor nec eros semper, sit amet fermentum mauris finibus.
Sed scelerisque enim nec est sagittis finibus.
Vivamus quis sapien vehicula leo dignissim iaculis eu quis dolor.
Nullam dictum risus id sapien porttitor ullamcorper in vitae libero.
Curabitur tempus mauris in mi convallis lacinia.
Pellentesque condimentum tellus nec urna imperdiet, vel pretium neque porta.
Etiam ac tortor ut elit tempor condimentum.
Phasellus rutrum odio a congue consectetur.
Quisque sit amet nisl ac sem imperdiet eleifend.
Pellentesque eget turpis quis felis egestas maximus.
Nullam eget leo sed nulla malesuada elementum nec ut libero.
Vestibulum fringilla erat ac rutrum iaculis.
Curabitur consectetur nulla sit amet tempor gravida.
Proin bibendum est nec ex ultrices, eget ultricies augue eleifend.
Sed aliquam elit in dui pulvinar, eget mattis quam eleifend.
Vivamus non nisl viverra, accumsan mauris in, maximus neque.